Compiler version,clang version 4.0.0 (trunk 281190)
Compiler flags,--target=arm-none-eabi -Os -mcpu=cortex-m4 -mthumb

Date,2016-09-12

mpgcut-1.1,mpgcut.c.obj,10686
jpeg-6b,ansi2knr.c.obj,2352
jpeg-6b,cdjpeg.c.obj,148
jpeg-6b,cjpeg.c.obj,5249
jpeg-6b,ckconfig.c.obj,2310
jpeg-6b,djpeg.c.obj,5781
jpeg-6b,jcapimin.c.obj,714
jpeg-6b,jcapistd.c.obj,412
jpeg-6b,jccoefct.c.obj,1676
jpeg-6b,jccolor.c.obj,1394
jpeg-6b,jcdctmgr.c.obj,1356
jpeg-6b,jchuff.c.obj,3940
jpeg-6b,jcinit.c.obj,156
jpeg-6b,jcmainct.c.obj,364
jpeg-6b,jcmarker.c.obj,1910
jpeg-6b,jcmaster.c.obj,2310
jpeg-6b,jcomapi.c.obj,142
jpeg-6b,jcparam.c.obj,2756
jpeg-6b,jcphuff.c.obj,4312
jpeg-6b,jcprepct.c.obj,1278
jpeg-6b,jcsample.c.obj,1864
jpeg-6b,jctrans.c.obj,1236
jpeg-6b,jdapimin.c.obj,852
jpeg-6b,jdapistd.c.obj,778
jpeg-6b,jdatadst.c.obj,274
jpeg-6b,jdatasrc.c.obj,304
jpeg-6b,jdcoefct.c.obj,2912
jpeg-6b,jdcolor.c.obj,1164
jpeg-6b,jddctmgr.c.obj,758
jpeg-6b,jdhuff.c.obj,2210
jpeg-6b,jdinput.c.obj,1186
jpeg-6b,jdmainct.c.obj,1388
jpeg-6b,jdmarker.c.obj,5198
jpeg-6b,jdmaster.c.obj,1450
jpeg-6b,jdmerge.c.obj,1390
jpeg-6b,jdphuff.c.obj,2622
jpeg-6b,jdpostct.c.obj,740
jpeg-6b,jdsample.c.obj,1630
jpeg-6b,jdtrans.c.obj,272
jpeg-6b,jerror.c.obj,5492
jpeg-6b,jfdctflt.c.obj,460
jpeg-6b,jfdctfst.c.obj,484
jpeg-6b,jfdctint.c.obj,750
jpeg-6b,jidctflt.c.obj,892
jpeg-6b,jidctfst.c.obj,922
jpeg-6b,jidctint.c.obj,1156
jpeg-6b,jidctred.c.obj,1220
jpeg-6b,jmemmgr.c.obj,2904
jpeg-6b,jmemnobs.c.obj,108
jpeg-6b,jpegtran.c.obj,3656
jpeg-6b,jquant1.c.obj,2626
jpeg-6b,jquant2.c.obj,3464
jpeg-6b,jutils.c.obj,464
jpeg-6b,rdbmp.c.obj,1766
jpeg-6b,rdcolmap.c.obj,864
jpeg-6b,rdgif.c.obj,97
jpeg-6b,rdjpgcom.c.obj,2117
jpeg-6b,rdppm.c.obj,1410
jpeg-6b,rdrle.c.obj,0
jpeg-6b,rdswitch.c.obj,1778
jpeg-6b,rdtarga.c.obj,1606
jpeg-6b,transupp.c.obj,4026
jpeg-6b,wrbmp.c.obj,1548
jpeg-6b,wrgif.c.obj,1152
jpeg-6b,wrjpgcom.c.obj,2803
jpeg-6b,wrppm.c.obj,580
jpeg-6b,wrrle.c.obj,0
jpeg-6b,wrtarga.c.obj,762
zlib-1.1.4,adler32.c.obj,292
zlib-1.1.4,compress.c.obj,140
zlib-1.1.4,crc32.c.obj,1284
zlib-1.1.4,deflate.c.obj,4882
zlib-1.1.4,example.c.obj,4219
zlib-1.1.4,gzio.c.obj,2929
zlib-1.1.4,infblock.c.obj,2750
zlib-1.1.4,infcodes.c.obj,1274
zlib-1.1.4,inffast.c.obj,1076
zlib-1.1.4,inflate.c.obj,1517
zlib-1.1.4,inftrees.c.obj,2121
zlib-1.1.4,infutil.c.obj,262
zlib-1.1.4,minigzip.c.obj,1185
zlib-1.1.4,trees.c.obj,7706
zlib-1.1.4,uncompr.c.obj,106
zlib-1.1.4,zutil.c.obj,197
replaypc-0.4.0.preproc,addressbook.o,1112
replaypc-0.4.0.preproc,bigfile.o,672
replaypc-0.4.0.preproc,build-ndx.o,947
replaypc-0.4.0.preproc,cg.o,3392
replaypc-0.4.0.preproc,channelset.o,346
replaypc-0.4.0.preproc,crypt.o,1510
replaypc-0.4.0.preproc,crypt-test.o,2383
replaypc-0.4.0.preproc,dump-addressbook.o,811
replaypc-0.4.0.preproc,dump-cg2.o,748
replaypc-0.4.0.preproc,dump-channelset.o,641
replaypc-0.4.0.preproc,dump-filedarray.o,841
replaypc-0.4.0.preproc,dump-guide.o,971
replaypc-0.4.0.preproc,dump-headend.o,626
replaypc-0.4.0.preproc,dump.o,2629
replaypc-0.4.0.preproc,dump-programset.o,1022
replaypc-0.4.0.preproc,dump-replaychannels.o,548
replaypc-0.4.0.preproc,dump-replayshows.o,543
replaypc-0.4.0.preproc,dump-zipcode2.o,543
replaypc-0.4.0.preproc,filedarray.o,386
replaypc-0.4.0.preproc,find-GOPs.o,533
replaypc-0.4.0.preproc,guideclient.o,1228
replaypc-0.4.0.preproc,guide.o,9846
replaypc-0.4.0.preproc,headend.o,1306
replaypc-0.4.0.preproc,httpclient.o,4676
replaypc-0.4.0.preproc,httpfsclient.o,3888
replaypc-0.4.0.preproc,httpfs.o,9114
replaypc-0.4.0.preproc,mark-commercial.o,2678
replaypc-0.4.0.preproc,ndx-dump.o,5749
replaypc-0.4.0.preproc,ndx.o,917
replaypc-0.4.0.preproc,program.o,2945
replaypc-0.4.0.preproc,rddnsclient.o,1903
replaypc-0.4.0.preproc,rddns.o,974
replaypc-0.4.0.preproc,ReplayPC.o,6033
replaypc-0.4.0.preproc,rtvguide.o,1981
replaypc-0.4.0.preproc,rtv.o,1666
replaypc-0.4.0.preproc,sleep.o,89
replaypc-0.4.0.preproc,un-protect.o,1627
replaypc-0.4.0.preproc,version-test.o,279
replaypc-0.4.0.preproc,zipcode.o,573
OpenTCP-1.0.4,arp.c.obj,1914
OpenTCP-1.0.4,bootp.c.obj,1130
OpenTCP-1.0.4,dhcpc.c.obj,2406
OpenTCP-1.0.4,dns.c.obj,1266
OpenTCP-1.0.4,ethernet.c.obj,1654
OpenTCP-1.0.4,https_callbacks.c.obj,656
OpenTCP-1.0.4,http_server.c.obj,1356
OpenTCP-1.0.4,icmp.c.obj,308
OpenTCP-1.0.4,ip.c.obj,1516
OpenTCP-1.0.4,main_demo.c.obj,238
OpenTCP-1.0.4,pop3c_callbacks.c.obj,78
OpenTCP-1.0.4,pop3_client.c.obj,3377
OpenTCP-1.0.4,smtpc_callbacks.c.obj,90
OpenTCP-1.0.4,smtp_client.c.obj,2108
OpenTCP-1.0.4,system.c.obj,1056
OpenTCP-1.0.4,tcp_client_demo.c.obj,348
OpenTCP-1.0.4,tcp.c.obj,4632
OpenTCP-1.0.4,tcp_server_demo.c.obj,320
OpenTCP-1.0.4,tftps.c.obj,756
OpenTCP-1.0.4,timers.c.obj,262
OpenTCP-1.0.4,udp.c.obj,1218
OpenTCP-1.0.4,udp_demo.c.obj,244
bzip2-1.0.2,blocksort.c.obj,5417
bzip2-1.0.2,bzip2.c.obj,16905
bzip2-1.0.2,bzip2recover.c.obj,3487
bzip2-1.0.2,bzlib.c.obj,9565
bzip2-1.0.2,compress.c.obj,11677
bzip2-1.0.2,crctable.c.obj,0
bzip2-1.0.2,decompress.c.obj,9783
bzip2-1.0.2,huffman.c.obj,1012
bzip2-1.0.2,randtable.c.obj,0
mpeg2dec-0.3.1,alloc.c.obj,110
mpeg2dec-0.3.1,cpu_accel.c.obj,12
mpeg2dec-0.3.1,cpu_state.c.obj,10
mpeg2dec-0.3.1,decode.c.obj,2314
mpeg2dec-0.3.1,extract_mpeg2.c.obj,2862
mpeg2dec-0.3.1,getopt.c.obj,0
mpeg2dec-0.3.1,gettimeofday.c.obj,0
mpeg2dec-0.3.1,header.c.obj,3392
mpeg2dec-0.3.1,idct_alpha.c.obj,0
mpeg2dec-0.3.1,idct_altivec.c.obj,0
mpeg2dec-0.3.1,idct.c.obj,1730
mpeg2dec-0.3.1,idct_mlib.c.obj,0
mpeg2dec-0.3.1,idct_mmx.c.obj,0
mpeg2dec-0.3.1,motion_comp_alpha.c.obj,0
mpeg2dec-0.3.1,motion_comp_altivec.c.obj,0
mpeg2dec-0.3.1,motion_comp.c.obj,5550
mpeg2dec-0.3.1,motion_comp_mlib.c.obj,0
mpeg2dec-0.3.1,motion_comp_mmx.c.obj,0
mpeg2dec-0.3.1,mpeg2dec.c.obj,4074
mpeg2dec-0.3.1,slice.c.obj,14348
mpeg2dec-0.3.1,video_out.c.obj,76
mpeg2dec-0.3.1,video_out_dx.c.obj,0
mpeg2dec-0.3.1,video_out_null.c.obj,278
mpeg2dec-0.3.1,video_out_pgm.c.obj,497
mpeg2dec-0.3.1,video_out_sdl.c.obj,755
mpeg2dec-0.3.1,video_out_x11.c.obj,0
mpeg2dec-0.3.1,yuv2rgb.c.obj,4210
mpeg2dec-0.3.1,yuv2rgb_mlib.c.obj,0
mpeg2dec-0.3.1,yuv2rgb_mmx.c.obj,0
jikespg-1.3,ctabs.c.obj,47491
jikespg-1.3,globals.c.obj,48
jikespg-1.3,lpgparse.c.obj,43151
jikespg-1.3,lpgutil.c.obj,4677
jikespg-1.3,main.c.obj,6177
jikespg-1.3,mkfirst.c.obj,14806
jikespg-1.3,mkred.c.obj,6490
jikespg-1.3,mkstates.c.obj,2749
jikespg-1.3,partset.c.obj,1442
jikespg-1.3,prntstat.c.obj,3446
jikespg-1.3,produce.c.obj,11083
jikespg-1.3,ptables.c.obj,3145
jikespg-1.3,remsp.c.obj,7750
jikespg-1.3,resolve.c.obj,11186
jikespg-1.3,spacetab.c.obj,20349
jikespg-1.3,tabutil.c.obj,12872
jikespg-1.3,timetab.c.obj,9526
libmspack,cabc.c.obj,22
libmspack,cabd.c.obj,5464
libmspack,cabd_md5.c.obj,1227
libmspack,cabd_test.c.obj,11120
libmspack,cabextract_md5.c.obj,23066
libmspack,cabrip.c.obj,443
libmspack,chmc.c.obj,22
libmspack,chmd.c.obj,3848
libmspack,chmd_md5.c.obj,1056
libmspack,hlpc.c.obj,22
libmspack,hlpd.c.obj,22
libmspack,kwajc.c.obj,22
libmspack,kwajd.c.obj,22
libmspack,litc.c.obj,22
libmspack,litd.c.obj,22
libmspack,lzxc.c.obj,0
libmspack,lzxd.c.obj,6182
libmspack,md5.c.obj,2816
libmspack,mszipc.c.obj,0
libmspack,mszipd.c.obj,42
libmspack,qtmc.c.obj,0
libmspack,qtmd.c.obj,4710
libmspack,system.c.obj,592
libmspack,szddc.c.obj,22
libmspack,szddd.c.obj,22
compiler,cg.c.obj,2437
compiler,main.c.obj,2470
compiler,parser.c.obj,4434
compiler,scanner.c.obj,3615
compiler,vam.c.obj,3834
compiler,vas.c.obj,6246
teem-1.6.0-src,1op.c.obj,1653
teem-1.6.0-src,2op.c.obj,2158
teem-1.6.0-src,3op.c.obj,2270
teem-1.6.0-src,754.c.obj,1583
teem-1.6.0-src,about.c.obj,2742
teem-1.6.0-src,accessors.c.obj,7979
teem-1.6.0-src,aniso.c.obj,3516
teem-1.6.0-src,apply1D.c.obj,8127
teem-1.6.0-src,arith.c.obj,6214
teem-1.6.0-src,array.c.obj,574
teem-1.6.0-src,arraysNrrd.c.obj,0
teem-1.6.0-src,ax.c.obj,2823
teem-1.6.0-src,axdelete.c.obj,1350
teem-1.6.0-src,axinfo.c.obj,1453
teem-1.6.0-src,axinsert.c.obj,1087
teem-1.6.0-src,axis.c.obj,3064
teem-1.6.0-src,axmerge.c.obj,1321
teem-1.6.0-src,axsplit.c.obj,1118
teem-1.6.0-src,bday.c.obj,1058
teem-1.6.0-src,biff.c.obj,2523
teem-1.6.0-src,bimod.c.obj,6603
teem-1.6.0-src,block.c.obj,1098
teem-1.6.0-src,bounds.c.obj,9677
teem-1.6.0-src,bow.c.obj,678
teem-1.6.0-src,cam.c.obj,5377
teem-1.6.0-src,ccadj.c.obj,1143
teem-1.6.0-src,cc.c.obj,10857
teem-1.6.0-src,ccfind.c.obj,1703
teem-1.6.0-src,ccmerge.c.obj,2625
teem-1.6.0-src,ccmethods.c.obj,1200
teem-1.6.0-src,ccsettle.c.obj,1026
teem-1.6.0-src,chan.c.obj,9059
teem-1.6.0-src,clip.c.obj,784
teem-1.6.0-src,cmedian.c.obj,2498
teem-1.6.0-src,color.c.obj,8654
teem-1.6.0-src,comment.c.obj,473
teem-1.6.0-src,conv.c.obj,400
teem-1.6.0-src,convert.c.obj,1132
teem-1.6.0-src,convertDye.c.obj,3062
teem-1.6.0-src,convertNrrd.c.obj,3940
teem-1.6.0-src,convo.c.obj,1873
teem-1.6.0-src,coreAlan.c.obj,3863
teem-1.6.0-src,crop.c.obj,1376
teem-1.6.0-src,ctx.c.obj,4538
teem-1.6.0-src,cubicEll.c.obj,2292
teem-1.6.0-src,data.c.obj,1250
teem-1.6.0-src,defaultsBane.c.obj,5
teem-1.6.0-src,defaultsGage.c.obj,5
teem-1.6.0-src,defaultsHest.c.obj,0
teem-1.6.0-src,defaultsHoover.c.obj,7
teem-1.6.0-src,defaultsLimn.c.obj,5
teem-1.6.0-src,defaultsMite.c.obj,5
teem-1.6.0-src,defaultsMoss.c.obj,5
teem-1.6.0-src,defaultsNrrd.c.obj,671
teem-1.6.0-src,defaultsTen.c.obj,16
teem-1.6.0-src,dehex.c.obj,791
teem-1.6.0-src,dhisto.c.obj,1316
teem-1.6.0-src,dice.c.obj,1818
teem-1.6.0-src,dio.c.obj,1892
teem-1.6.0-src,doubleprint.c.obj,658
teem-1.6.0-src,eigen.c.obj,5458
teem-1.6.0-src,encodingAscii.c.obj,1519
teem-1.6.0-src,encodingBzip2.c.obj,570
teem-1.6.0-src,encoding.c.obj,674
teem-1.6.0-src,encodingGzip.c.obj,638
teem-1.6.0-src,encodingHex.c.obj,1552
teem-1.6.0-src,encodingRaw.c.obj,1956
teem-1.6.0-src,endianAir.c.obj,4
teem-1.6.0-src,endianNrrd.c.obj,343
teem-1.6.0-src,enhex.c.obj,737
teem-1.6.0-src,enum.c.obj,794
teem-1.6.0-src,enumsAlan.c.obj,0
teem-1.6.0-src,enumsEcho.c.obj,0
teem-1.6.0-src,enumsNrrd.c.obj,0
teem-1.6.0-src,enumsTen.c.obj,0
teem-1.6.0-src,env.c.obj,1121
teem-1.6.0-src,epireg.c.obj,14296
teem-1.6.0-src,ex0.c.obj,515
teem-1.6.0-src,ex1.c.obj,1249
teem-1.6.0-src,ex2.c.obj,958
teem-1.6.0-src,ex3.c.obj,1524
teem-1.6.0-src,ex4.c.obj,1092
teem-1.6.0-src,ex5.c.obj,793
teem-1.6.0-src,fiber.c.obj,5009
teem-1.6.0-src,fiberMethods.c.obj,2795
teem-1.6.0-src,filt.c.obj,6303
teem-1.6.0-src,filter.c.obj,3232
teem-1.6.0-src,flip.c.obj,796
teem-1.6.0-src,floatprint.c.obj,648
teem-1.6.0-src,flotsam.c.obj,2586
teem-1.6.0-src,format.c.obj,716
teem-1.6.0-src,formatEPS.c.obj,2553
teem-1.6.0-src,formatNRRD.c.obj,3717
teem-1.6.0-src,formatPNG.c.obj,744
teem-1.6.0-src,formatPNM.c.obj,3057
teem-1.6.0-src,formatText.c.obj,2759
teem-1.6.0-src,formatVTK.c.obj,5717
teem-1.6.0-src,fp.c.obj,1653
teem-1.6.0-src,gamma.c.obj,1334
teem-1.6.0-src,genmat.c.obj,3462
teem-1.6.0-src,genvol.c.obj,1799
teem-1.6.0-src,gkmsFlotsam.c.obj,2100
teem-1.6.0-src,gkmsHvol.c.obj,2826
teem-1.6.0-src,gkmsInfo.c.obj,1297
teem-1.6.0-src,gkmsMite.c.obj,1176
teem-1.6.0-src,gkmsOpac.c.obj,3165
teem-1.6.0-src,gkmsPvg.c.obj,2638
teem-1.6.0-src,gkmsScat.c.obj,1514
teem-1.6.0-src,gkmsTxf.c.obj,3216
teem-1.6.0-src,glyph.c.obj,5409
teem-1.6.0-src,gzio.c.obj,0
teem-1.6.0-src,head.c.obj,1344
teem-1.6.0-src,heq.c.obj,2045
teem-1.6.0-src,hestLimn.c.obj,1044
teem-1.6.0-src,hestMoss.c.obj,1110
teem-1.6.0-src,hestNrrd.c.obj,1061
teem-1.6.0-src,histax.c.obj,1321
teem-1.6.0-src,histo.c.obj,1520
teem-1.6.0-src,histogram.c.obj,6247
teem-1.6.0-src,hvol.c.obj,7141
teem-1.6.0-src,imap.c.obj,2470
teem-1.6.0-src,inc.c.obj,3377
teem-1.6.0-src,inset.c.obj,1357
teem-1.6.0-src,intx.c.obj,15370
teem-1.6.0-src,invert.c.obj,677
teem-1.6.0-src,io.c.obj,941
teem-1.6.0-src,iter.c.obj,665
teem-1.6.0-src,jhisto.c.obj,2617
teem-1.6.0-src,join.c.obj,1452
teem-1.6.0-src,kernel.c.obj,26053
teem-1.6.0-src,keyvalue.c.obj,787
teem-1.6.0-src,kv.c.obj,375
teem-1.6.0-src,light.c.obj,448
teem-1.6.0-src,lightEcho.c.obj,849
teem-1.6.0-src,list.c.obj,1634
teem-1.6.0-src,lut.c.obj,2081
teem-1.6.0-src,make.c.obj,6427
teem-1.6.0-src,map.c.obj,344
teem-1.6.0-src,mat.c.obj,23022
teem-1.6.0-src,matter.c.obj,402
teem-1.6.0-src,measr.c.obj,320
teem-1.6.0-src,measure.c.obj,11127
teem-1.6.0-src,methodsAlan.c.obj,2283
teem-1.6.0-src,methodsBane.c.obj,601
teem-1.6.0-src,methodsDye.c.obj,1216
teem-1.6.0-src,methodsEcho.c.obj,589
teem-1.6.0-src,methodsHest.c.obj,2382
teem-1.6.0-src,methodsHoover.c.obj,1740
teem-1.6.0-src,methodsLimn.c.obj,334
teem-1.6.0-src,methodsMoss.c.obj,1058
teem-1.6.0-src,methodsNrrd.c.obj,4083
teem-1.6.0-src,minmax.c.obj,306
teem-1.6.0-src,miscAir.c.obj,4336
teem-1.6.0-src,miscEll.c.obj,1295
teem-1.6.0-src,miscGage.c.obj,649
teem-1.6.0-src,miscTen.c.obj,3612
teem-1.6.0-src,mod.c.obj,3149
teem-1.6.0-src,model.c.obj,1424
teem-1.6.0-src,mop.c.obj,1127
teem-1.6.0-src,obj.c.obj,792
teem-1.6.0-src,objmethods.c.obj,960
teem-1.6.0-src,opac.c.obj,500
teem-1.6.0-src,pad.c.obj,1746
teem-1.6.0-src,parseAir.c.obj,1406
teem-1.6.0-src,parseHest.c.obj,11941
teem-1.6.0-src,parseNrrd.c.obj,6291
teem-1.6.0-src,permute.c.obj,993
teem-1.6.0-src,pos.c.obj,577
teem-1.6.0-src,print.c.obj,6361
teem-1.6.0-src,project.c.obj,1869
teem-1.6.0-src,pvl.c.obj,1414
teem-1.6.0-src,qn.c.obj,2793
teem-1.6.0-src,quadvol.c.obj,1821
teem-1.6.0-src,quantize.c.obj,1614
teem-1.6.0-src,quat.c.obj,15520
teem-1.6.0-src,rangeBane.c.obj,1152
teem-1.6.0-src,range.c.obj,726
teem-1.6.0-src,ray.c.obj,4608
teem-1.6.0-src,rays.c.obj,3965
teem-1.6.0-src,read.c.obj,2880
teem-1.6.0-src,renderEcho.c.obj,5187
teem-1.6.0-src,renderLimn.c.obj,3201
teem-1.6.0-src,renderMite.c.obj,1145
teem-1.6.0-src,reorder.c.obj,8756
teem-1.6.0-src,resample.c.obj,3406
teem-1.6.0-src,resampleNrrd.c.obj,6649
teem-1.6.0-src,reshape.c.obj,966
teem-1.6.0-src,rmap.c.obj,2521
teem-1.6.0-src,sampler.c.obj,2410
teem-1.6.0-src,sane.c.obj,3047
teem-1.6.0-src,save.c.obj,2792
teem-1.6.0-src,scat.c.obj,715
teem-1.6.0-src,sclanswer.c.obj,6417
teem-1.6.0-src,scl.c.obj,0
teem-1.6.0-src,sclfilter.c.obj,6929
teem-1.6.0-src,sclprint.c.obj,1059
teem-1.6.0-src,set.c.obj,1188
teem-1.6.0-src,shape.c.obj,3449
teem-1.6.0-src,shapes.c.obj,4604
teem-1.6.0-src,shuffle.c.obj,1624
teem-1.6.0-src,sigma.c.obj,177
teem-1.6.0-src,simple.c.obj,4517
teem-1.6.0-src,slice.c.obj,1255
teem-1.6.0-src,soid.c.obj,3281
teem-1.6.0-src,sort3.c.obj,732
teem-1.6.0-src,splice.c.obj,1385
teem-1.6.0-src,splineEval.c.obj,7241
teem-1.6.0-src,splineMethods.c.obj,4726
teem-1.6.0-src,splineMisc.c.obj,2387
teem-1.6.0-src,sqd.c.obj,8645
teem-1.6.0-src,st.c.obj,2995
teem-1.6.0-src,string.c.obj,1032
teem-1.6.0-src,strings.c.obj,1131
teem-1.6.0-src,stub.c.obj,116
teem-1.6.0-src,subset.c.obj,2547
teem-1.6.0-src,superset.c.obj,4543
teem-1.6.0-src,swap.c.obj,841
teem-1.6.0-src,tbc.c.obj,1772
teem-1.6.0-src,tblah.c.obj,1245
teem-1.6.0-src,tcamanim.c.obj,3449
teem-1.6.0-src,tcam.c.obj,1264
teem-1.6.0-src,tem.c.obj,1088
teem-1.6.0-src,tendAnhist.c.obj,1175
teem-1.6.0-src,tendAnplot.c.obj,1653
teem-1.6.0-src,tendAnscale.c.obj,1383
teem-1.6.0-src,tendAnvol.c.obj,1499
teem-1.6.0-src,tendBmat.c.obj,1333
teem-1.6.0-src,tendEllipse.c.obj,2707
teem-1.6.0-src,tendEpireg.c.obj,4506
teem-1.6.0-src,tendEstim.c.obj,3869
teem-1.6.0-src,tendEvaladd.c.obj,978
teem-1.6.0-src,tendEvalclamp.c.obj,1268
teem-1.6.0-src,tendEval.c.obj,1716
teem-1.6.0-src,tendEvalpow.c.obj,889
teem-1.6.0-src,tendEvec.c.obj,1726
teem-1.6.0-src,tendEvecrgb.c.obj,1927
teem-1.6.0-src,tendEvq.c.obj,2189
teem-1.6.0-src,tendExpand.c.obj,1456
teem-1.6.0-src,tendFiber.c.obj,2602
teem-1.6.0-src,tendFlotsam.c.obj,1282
teem-1.6.0-src,tendGlyph.c.obj,6728
teem-1.6.0-src,tendMake.c.obj,959
teem-1.6.0-src,tendNorm.c.obj,1307
teem-1.6.0-src,tendPoint.c.obj,1720
teem-1.6.0-src,tendSatin.c.obj,5604
teem-1.6.0-src,tendShrink.c.obj,946
teem-1.6.0-src,tendSim.c.obj,1372
teem-1.6.0-src,tendSlice.c.obj,1013
teem-1.6.0-src,tendSten.c.obj,1358
teem-1.6.0-src,tenGage.c.obj,2729
teem-1.6.0-src,tensor.c.obj,6665
teem-1.6.0-src,test.c.obj,930
teem-1.6.0-src,tg.c.obj,2731
teem-1.6.0-src,threadAir.c.obj,1290
teem-1.6.0-src,thread.c.obj,300
teem-1.6.0-src,tinfo.c.obj,549
teem-1.6.0-src,tkernel.c.obj,2083
teem-1.6.0-src,tline.c.obj,461
teem-1.6.0-src,tmfKernel.c.obj,198513
teem-1.6.0-src,tmop.c.obj,591
teem-1.6.0-src,tok.c.obj,310
teem-1.6.0-src,tps.c.obj,2430
teem-1.6.0-src,tq.c.obj,4147
teem-1.6.0-src,trand.c.obj,173
teem-1.6.0-src,transform.c.obj,2841
teem-1.6.0-src,tread.c.obj,300
teem-1.6.0-src,trend.c.obj,7981
teem-1.6.0-src,trex.c.obj,352
teem-1.6.0-src,trnsf.c.obj,4564
teem-1.6.0-src,tspline.c.obj,2114
teem-1.6.0-src,tspot.c.obj,1007
teem-1.6.0-src,tt.c.obj,3146
teem-1.6.0-src,txf.c.obj,3593
teem-1.6.0-src,typestest.c.obj,456
teem-1.6.0-src,unblock.c.obj,1124
teem-1.6.0-src,unquantize.c.obj,1159
teem-1.6.0-src,update.c.obj,4912
teem-1.6.0-src,usage.c.obj,2809
teem-1.6.0-src,user.c.obj,899
teem-1.6.0-src,valid.c.obj,2530
teem-1.6.0-src,vecEll.c.obj,1776
teem-1.6.0-src,vecGage.c.obj,2697
teem-1.6.0-src,vecprint.c.obj,62
teem-1.6.0-src,winKernel.c.obj,21664
teem-1.6.0-src,write.c.obj,4291
teem-1.6.0-src,xform.c.obj,3378
ttt-0.10.1.preproc,connect4.o,7718
ttt-0.10.1.preproc,engine.o,3885
ttt-0.10.1.preproc,main.o,2036
ttt-0.10.1.preproc,parse.o,2581
ttt-0.10.1.preproc,ttt.o,10471
ttt-0.10.1.preproc,util.o,2505
unrarlib-0.4.0,getfile.c.obj,774
unrarlib-0.4.0,listarchive.c.obj,1000
unrarlib-0.4.0,unrarlib.c.obj,11804
libpng-1.2.5,png2pnm.c.obj,2523
libpng-1.2.5,png.c.obj,2593
libpng-1.2.5,pngerror.c.obj,825
libpng-1.2.5,pngget.c.obj,2488
libpng-1.2.5,pngmem.c.obj,523
libpng-1.2.5,pngpread.c.obj,6053
libpng-1.2.5,pngread.c.obj,7482
libpng-1.2.5,pngrio.c.obj,313
libpng-1.2.5,pngrtran.c.obj,16592
libpng-1.2.5,pngrutil.c.obj,15276
libpng-1.2.5,pngset.c.obj,5889
libpng-1.2.5,pngtest.c.obj,5879
libpng-1.2.5,pngtrans.c.obj,1964
libpng-1.2.5,pngwio.c.obj,369
libpng-1.2.5,pngwrite.c.obj,5859
libpng-1.2.5,pngwtran.c.obj,1496
libpng-1.2.5,pngwutil.c.obj,12411
libpng-1.2.5,pnm2png.c.obj,2777
flex-2.5.31,buf.c.obj,1007
flex-2.5.31,ccl.c.obj,834
flex-2.5.31,dfa.c.obj,6570
flex-2.5.31,ecs.c.obj,600
flex-2.5.31,filter.c.obj,2047
flex-2.5.31,gen.c.obj,23948
flex-2.5.31,libmain.c.obj,24
flex-2.5.31,libyywrap.c.obj,12
flex-2.5.31,main.c.obj,17072
flex-2.5.31,misc.c.obj,5842
flex-2.5.31,nfa.c.obj,3494
flex-2.5.31,options.c.obj,1230
flex-2.5.31,parse.c.obj,11106
flex-2.5.31,regex.c.obj,539
flex-2.5.31,scan.c.obj,42836
flex-2.5.31,scanopt.c.obj,3054
flex-2.5.31,skel.c.obj,79802
flex-2.5.31,sym.c.obj,893
flex-2.5.31,tables.c.obj,1847
flex-2.5.31,tables_shared.c.obj,34
flex-2.5.31,tblcmp.c.obj,3820
flex-2.5.31,yylex.c.obj,846
cg_compiler_opensrc,atom.c.obj,3317
cg_compiler_opensrc,binding.c.obj,1507
cg_compiler_opensrc,cgcmain.c.obj,2234
cg_compiler_opensrc,cgstruct.c.obj,78
cg_compiler_opensrc,check.c.obj,3127
cg_compiler_opensrc,compile.c.obj,12409
cg_compiler_opensrc,constfold.c.obj,3140
cg_compiler_opensrc,cpp.c.obj,6256
cg_compiler_opensrc,generic_hal.c.obj,1573
cg_compiler_opensrc,hal.c.obj,2401
cg_compiler_opensrc,inline.c.obj,2575
cg_compiler_opensrc,memory.c.obj,448
cg_compiler_opensrc,parser.c.obj,13127
cg_compiler_opensrc,printutils.c.obj,9949
cg_compiler_opensrc,scanner.c.obj,5631
cg_compiler_opensrc,semantic.c.obj,3802
cg_compiler_opensrc,stdlib.c.obj,10
cg_compiler_opensrc,support.c.obj,21693
cg_compiler_opensrc,support_iter.c.obj,2151
cg_compiler_opensrc,symbols.c.obj,6533
cg_compiler_opensrc,tokenize.c.obj,835
cg_compiler_opensrc,tokens.c.obj,2808
lwip-0.5.3.preproc,api_lib.o,5011
lwip-0.5.3.preproc,api_msg.o,4310
lwip-0.5.3.preproc,arp.o,2410
lwip-0.5.3.preproc,err.o,0
lwip-0.5.3.preproc,fs.o,40271
lwip-0.5.3.preproc,httpd.o,1660
lwip-0.5.3.preproc,icmp.o,1683
lwip-0.5.3.preproc,inet.o,946
lwip-0.5.3.preproc,ip_addr.o,0
lwip-0.5.3.preproc,ip.o,2961
lwip-0.5.3.preproc,loopif.o,312
lwip-0.5.3.preproc,mem.o,2145
lwip-0.5.3.preproc,memp.o,2053
lwip-0.5.3.preproc,netif.o,793
lwip-0.5.3.preproc,pbuf.o,3360
lwip-0.5.3.preproc,shell.o,12307
lwip-0.5.3.preproc,simhost.o,684
lwip-0.5.3.preproc,simnode.o,621
lwip-0.5.3.preproc,simrouter.o,806
lwip-0.5.3.preproc,sockets.o,2547
lwip-0.5.3.preproc,stats.o,77
lwip-0.5.3.preproc,sys.o,1040
lwip-0.5.3.preproc,tcpdump.o,2023
lwip-0.5.3.preproc,tcpecho.o,321
lwip-0.5.3.preproc,tcp_input.o,10826
lwip-0.5.3.preproc,tcpip.o,689
lwip-0.5.3.preproc,tcp.o,6639
lwip-0.5.3.preproc,tcp_output.o,5787
lwip-0.5.3.preproc,udpecho.o,393
lwip-0.5.3.preproc,udp.o,2582
